disk,minute,read_MBps,write_MBps
n1-sdl,0,3.13,1.34
n1-sdl,10,3.11,1.33
n1-sdl,20,3.09,1.33
n1-sdl,30,3.05,1.31
n1-sdl,40,3.08,1.32
n1-sdl,50,3.06,1.33
n1-sdl,60,3.04,1.31
n1-sdl,70,3.04,1.31
n1-sdl,80,3.03,1.30
n1-sdl,90,3.00,1.29
n1-sdl,100,2.99,1.29
n1-sdl,110,2.95,1.28
n1-sdl,120,2.95,1.28
n1-sdl,130,2.74,1.18
n1-sdl,140,2.26,0.96
n1-sdl,150,1.66,0.71
n1-sdl,160,1.51,0.65
n1-sdl,170,1.52,0.66
n1-sdl,180,1.47,0.62
n1-sdl,190,1.48,0.65
n1-sdl,200,1.68,0.72
n1-sdl,210,1.64,0.71
n1-sdl,220,1.50,0.66
n1-sdl,230,1.55,0.66
n1-sdl,240,1.53,0.67
n1-sdl,250,1.61,0.69
n1-sdl,260,1.58,0.68
n1-sdl,270,1.57,0.67
n1-sdl,280,1.63,0.69
n1-sdl,290,2.40,1.03
n1-sdl,300,2.90,1.26
n1-sdl,310,2.95,1.26
n1-sdl,320,2.86,1.21
n1-sdl,330,2.60,1.11
n1-sdl,340,2.36,1.01
n1-sdl,350,2.27,0.98
n1-sdl,360,1.67,0.71
n1-sdl,370,1.77,0.76
n1-sdl,380,1.51,0.65
n1-sdl,390,1.47,0.63
n1-sdl,400,1.75,0.76
n1-sdl,410,1.88,0.80
n1-sdl,420,1.99,0.85
n1-sdl,430,2.28,0.97
n1-sdl,440,2.20,0.93
n1-sdl,450,2.41,1.03
n1-sdl,460,2.43,1.04
n1-sdl,470,2.34,1.00
n1-sdl,480,1.71,0.74
n1-sdl,490,1.72,0.73
n1-sdl,500,1.60,0.68
n1-sdl,510,1.54,0.67
n1-sdl,520,1.71,0.73
n1-sdl,530,1.82,0.78
n1-sdl,540,1.90,0.81
n1-sdl,550,1.53,0.66
n1-sdl,560,1.94,0.84
n1-sdl,570,1.79,0.76
n1-sdl,580,1.66,0.71
n1-sdl,590,1.78,0.76
n1-sdl,600,1.90,0.82
n1-sdl,610,1.91,0.82
n1-sdl,620,1.85,0.80
n1-sdl,630,2.15,0.93
n1-sdl,640,2.33,1.00
n1-sdl,650,2.31,0.99
n1-sdl,660,2.52,1.09
n1-sdl,670,2.87,1.21
n1-sdl,680,2.85,1.21
n1-sdl,690,2.66,1.14
n1-sdl,700,2.30,0.99
n1-sdl,710,2.34,1.00
n1-sdl,720,1.80,0.78
n1-sdl,730,1.60,0.68
n1-sdl,740,1.51,0.64
n1-sdl,750,1.54,0.65
n1-sdl,760,1.50,0.66
n1-sdl,770,1.51,0.64
n1-sdl,780,1.57,0.67
n1-sdl,790,1.54,0.66
n1-sdl,800,1.51,0.65
n1-sdl,810,1.51,0.64
n1-sdl,820,1.55,0.66
n1-sdl,830,1.50,0.65
n1-sdl,840,2.04,0.87
n1-sdl,850,2.15,0.91
n1-sdl,860,2.33,1.01
n1-sdl,870,2.51,1.07
n1-sdl,880,2.72,1.17
n1-sdl,890,2.64,1.12
n1-sdl,900,2.64,1.14
n1-sdl,910,2.60,1.10
n1-sdl,920,2.38,1.01
n1-sdl,930,2.20,0.95
n1-sdl,940,2.07,0.87
n1-sdl,950,2.02,0.88
n1-sdl,960,1.90,0.81
n1-sdl,970,1.99,0.84
n1-sdl,980,1.77,0.78
n1-sdl,990,1.69,0.73
n1-sdl,1000,1.78,0.75
n1-sdl,1010,1.60,0.68
n1-sdl,1020,1.63,0.70
n1-sdl,1030,1.67,0.72
n1-sdl,1040,1.82,0.78
n1-sdl,1050,1.80,0.77
n1-sdl,1060,1.87,0.80
n1-sdl,1070,2.02,0.86
n1-sdl,1080,2.06,0.88
n1-sdl,1090,2.16,0.94
n1-sdl,1100,2.38,1.02
n1-sdl,1110,2.42,1.04
n1-sdl,1120,2.44,1.04
n1-sdl,1130,2.48,1.06
n1-sdl,1140,2.20,0.93
n1-sdl,1150,2.30,0.98
n1-sdl,1160,2.32,0.98
n1-sdl,1170,2.26,0.96
n1-sdl,1180,2.15,0.90
n1-sdl,1190,2.24,0.96
n1-sdl,1200,2.09,0.92
n1-sdl,1210,2.06,0.89
n1-sdl,1220,2.06,0.87
n1-sdl,1230,1.96,0.84
n1-sdl,1240,1.88,0.81
n1-sdl,1250,1.95,0.84
n1-sdl,1260,1.94,0.83
n1-sdl,1270,2.00,0.85
n1-sdl,1280,1.92,0.82
n1-sdl,1290,1.95,0.84
n1-sdl,1300,1.79,0.77
n1-sdl,1310,1.95,0.84
n1-sdl,1320,1.85,0.79
n1-sdl,1330,1.97,0.83
n1-sdl,1340,1.93,0.83
n1-sdl,1350,1.88,0.81
n1-sdl,1360,1.89,0.82
n1-sdl,1370,2.00,0.86
n1-sdl,1380,2.08,0.89
n1-sdl,1390,2.06,0.88
n1-sdl,1400,2.16,0.90
n1-sdl,1410,2.12,0.91
n1-sdl,1420,2.01,0.85
n1-sdl,1430,1.97,0.86
n1-sdl,1440,2.04,0.86
n1-sdl,1450,2.15,0.94
n1-sdl,1460,2.26,0.96
n1-sdl,1470,2.12,0.90
n1-sdl,1480,2.11,0.91
n1-sdl,1490,2.05,0.90
n1-sdl,1500,1.83,0.78
n1-sdl,1510,1.79,0.77
n1-sdl,1520,1.66,0.71
n1-sdl,1530,1.72,0.74
n1-sdl,1540,1.57,0.66
n1-sdl,1550,1.72,0.74
n1-sdl,1560,1.81,0.76
n1-sdl,1570,1.73,0.74
n1-sdl,1580,1.66,0.72
n1-sdl,1590,1.85,0.79
n1-sdl,1600,1.80,0.77
n1-sdl,1610,1.86,0.79
n1-sdl,1620,1.87,0.82
n1-sdl,1630,1.95,0.83
n1-sdl,1640,1.86,0.80
n1-sdl,1650,2.06,0.89
n1-sdl,1660,2.10,0.90
n1-sdl,1670,2.08,0.88
n1-sdl,1680,2.20,0.94
n1-sdl,1690,2.30,0.96
n1-sdl,1700,2.16,0.93
n1-sdl,1710,2.03,0.87
n1-sdl,1720,2.01,0.87
n1-sdl,1730,1.98,0.86
n1-sdl,1740,1.79,0.77
n1-sdl,1750,1.88,0.80
n1-sdl,1760,1.85,0.80
n1-sdl,1770,1.70,0.73
n1-sdl,1780,1.74,0.75
n1-sdl,1790,1.84,0.78
n1-sdl,1800,1.71,0.73
n1-sdl,1810,1.63,0.70
n1-sdl,1820,1.89,0.80
n1-sdl,1830,1.68,0.73
n1-sdl,1840,1.75,0.76
n1-sdl,1850,1.89,0.80
n1-sdl,1860,1.76,0.76
n1-sdl,1870,1.87,0.80
n1-sdl,1880,2.03,0.86
n1-sdl,1890,2.07,0.88
n1-sdl,1900,1.94,0.83
n1-sdl,1910,2.13,0.91
n1-sdl,1920,1.96,0.84
n1-sdl,1930,1.95,0.84
n1-sdl,1940,2.14,0.90
n1-sdl,1950,2.07,0.88
n1-sdl,1960,1.88,0.81
n1-sdl,1970,2.10,0.91
n1-sdl,1980,1.97,0.84
n1-sdl,1990,1.81,0.77
n1-sdl,2000,1.84,0.80
n1-sdl,2010,1.85,0.79
n1-sdl,2020,1.74,0.75
n1-sdl,2030,1.74,0.76
n1-sdl,2040,1.87,0.80
n1-sdl,2050,1.73,0.74
n1-sdl,2060,1.75,0.76
n1-sdl,2070,1.87,0.81
n1-sdl,2080,1.76,0.76
n1-sdl,2090,1.74,0.76
n1-sdl,2100,1.93,0.83
n1-sdl,2110,1.88,0.81
n1-sdl,2120,1.85,0.79
n1-sdl,2130,1.91,0.81
n1-sdl,2140,1.96,0.84
n1-sdl,2150,2.04,0.87
n1-sdl,2160,1.88,0.81
n1-sdl,2170,2.12,0.92
n1-sdl,2180,1.95,0.83
n1-sdl,2190,1.96,0.84
n1-sdl,2200,2.09,0.88
n1-sdl,2210,2.15,0.92
n1-sdl,2220,2.01,0.87
n1-sdl,2230,1.99,0.85
n1-sdl,2240,1.96,0.83
n1-sdl,2250,1.96,0.85
n1-sdl,2260,1.74,0.76
n1-sdl,2270,1.86,0.80
n1-sdl,2280,1.98,0.85
n1-sdl,2290,1.86,0.80
n1-sdl,2300,1.85,0.78
n1-sdl,2310,1.82,0.76
n1-sdl,2320,1.88,0.80
n1-sdl,2330,1.81,0.78
n1-sdl,2340,1.82,0.77
n1-sdl,2350,1.99,0.86
n1-sdl,2360,1.88,0.80
n1-sdl,2370,1.88,0.80
n1-sdl,2380,1.88,0.80
n1-sdl,2390,1.92,0.83
n1-sdl,2400,2.00,0.85
n1-sdl,2410,1.92,0.82
n1-sdl,2420,2.03,0.87
n1-sdl,2430,2.01,0.87
n1-sdl,2440,1.98,0.84
n1-sdl,2450,2.01,0.86
n1-sdl,2460,1.95,0.84
n1-sdl,2470,2.05,0.88
n1-sdl,2480,2.12,0.91
n1-sdl,2490,2.04,0.87
n1-sdl,2500,2.08,0.88
n1-sdl,2510,1.99,0.86
n1-sdl,2520,1.89,0.80
n1-sdl,2530,1.90,0.81
n1-sdl,2540,1.98,0.84
n1-sdl,2550,1.93,0.82
n1-sdl,2560,1.95,0.83
n1-sdl,2570,1.89,0.81
n1-sdl,2580,1.92,0.82
n1-sdl,2590,1.98,0.84
n1-sdl,2600,1.81,0.77
n1-sdl,2610,1.92,0.83
n1-sdl,2620,1.89,0.81
n1-sdl,2630,1.84,0.79
n1-sdl,2640,1.87,0.80
n1-sdl,2650,2.05,0.87
n1-sdl,2660,2.00,0.86
n1-sdl,2670,1.89,0.81
n1-sdl,2680,1.80,0.80
n1-sdl,2690,2.04,0.87
n1-sdl,2700,2.10,0.91
n1-sdl,2710,2.01,0.86
n1-sdl,2720,1.92,0.84
n1-sdl,2730,2.02,0.86
n1-sdl,2740,2.07,0.86
n1-sdl,2750,1.98,0.85
n1-sdl,2760,1.99,0.86
n1-sdl,2770,1.99,0.85
n1-sdl,2780,1.82,0.78
n1-sdl,2790,1.82,0.80
n1-sdl,2800,1.86,0.80
n1-sdl,2810,1.97,0.84
n1-sdl,2820,1.92,0.81
n1-sdl,2830,1.79,0.77
n1-sdl,2840,1.74,0.74
n1-sdl,2850,1.78,0.77
n1-sdl,2860,1.91,0.82
n1-sdl,2870,1.83,0.78
n1-sdl,2880,1.90,0.81
n1-sdl,2890,1.92,0.83
n1-sdl,2900,1.91,0.82
n1-sdl,2910,1.78,0.77
n1-sdl,2920,1.96,0.83
n1-sdl,2930,1.93,0.81
n1-sdl,2940,1.87,0.80
n1-sdl,2950,1.95,0.83
n1-sdl,2960,2.08,0.89
n1-sdl,2970,1.92,0.84
n1-sdl,2980,2.00,0.85
n1-sdl,2990,1.99,0.84
n1-sdl,3000,2.07,0.89
n1-sdl,3010,1.80,0.78
n1-sdl,3020,1.84,0.79
n1-sdl,3030,1.87,0.80
n1-sdl,3040,1.77,0.76
n1-sdl,3050,1.97,0.84
n1-sdl,3060,1.92,0.83
n1-sdl,3070,1.85,0.79
n1-sdl,3080,1.90,0.80
n1-sdl,3090,1.91,0.81
n1-sdl,3100,1.83,0.77
n1-sdl,3110,1.77,0.77
n1-sdl,3120,1.85,0.80
n1-sdl,3130,1.84,0.81
n1-sdl,3140,1.87,0.81
n1-sdl,3150,1.81,0.77
n1-sdl,3160,1.96,0.83
n1-sdl,3170,1.81,0.76
n1-sdl,3180,1.89,0.81
n1-sdl,3190,1.93,0.83
n1-sdl,3200,2.01,0.87
n1-sdl,3210,1.81,0.78
n1-sdl,3220,1.85,0.78
n1-sdl,3230,1.92,0.82
n1-sdl,3240,1.94,0.83
n1-sdl,3250,2.00,0.84
n1-sdl,3260,1.91,0.82
n1-sdl,3270,1.90,0.81
n1-sdl,3280,1.87,0.80
n1-sdl,3290,1.93,0.84
n1-sdl,3300,1.88,0.81
n1-sdl,3310,1.94,0.84
n1-sdl,3320,1.94,0.82
n1-sdl,3330,1.81,0.77
n1-sdl,3340,1.74,0.74
n1-sdl,3350,1.91,0.83
n1-sdl,3360,1.85,0.80
n1-sdl,3370,1.91,0.81
n1-sdl,3380,2.03,0.85
n1-sdl,3390,1.82,0.78
n1-sdl,3400,1.77,0.76
n1-sdl,3410,1.91,0.83
n1-sdl,3420,1.79,0.78
n1-sdl,3430,1.75,0.75
n1-sdl,3440,1.87,0.80
n1-sdl,3450,1.93,0.84
n1-sdl,3460,1.90,0.82
n1-sdl,3470,1.97,0.84
n1-sdl,3480,1.98,0.84
n1-sdl,3490,1.92,0.81
n1-sdl,3500,1.92,0.83
n1-sdl,3510,1.87,0.79
n1-sdl,3520,1.86,0.80
n1-sdl,3530,1.96,0.84
n1-sdl,3540,1.90,0.82
n1-sdl,3550,1.80,0.77
n1-sdl,3560,1.97,0.85
n1-sdl,3570,1.93,0.82
n1-sdl,3580,1.78,0.76
n1-sdl,3590,1.83,0.77
n1-sdl,3600,1.88,0.81
n1-sdl,3610,1.99,0.85
n1-sdl,3620,1.77,0.75
n1-sdl,3630,1.89,0.81
n1-sdl,3640,1.81,0.77
n1-sdl,3650,1.79,0.76
n1-sdl,3660,1.89,0.82
n1-sdl,3670,1.83,0.78
n1-sdl,3680,1.88,0.80
n1-sdl,3690,1.93,0.84
n1-sdl,3700,2.31,1.00
n1-sdl,3710,2.37,1.01
n1-sdl,3720,2.37,1.01
n1-sdl,3730,2.32,1.00
n1-sdl,3740,2.39,1.03
n1-sdl,3750,2.25,0.97
n1-sdl,3760,2.29,0.97
n1-sdl,3770,2.19,0.95
n1-sdl,3780,2.28,0.99
n1-sdl,3790,2.20,0.94
n1-sdl,3800,2.22,0.96
n1-sdl,3810,2.12,0.92
n1-sdl,3820,2.21,0.95
n1-sdl,3830,2.25,0.96
n1-sdl,3840,2.25,0.95
n1-sdl,3850,2.22,0.95
n1-sdl,3860,2.23,0.95
n1-sdl,3870,2.13,0.92
n1-sdl,3880,2.21,0.95
n1-sdl,3890,2.17,0.93
n1-sdl,3900,2.30,1.01
n1-sdl,3910,2.31,0.98
n1-sdl,3920,2.31,0.99
n1-sdl,3930,2.40,1.02
n1-sdl,3940,2.26,0.98
n1-sdl,3950,2.33,0.99
n1-sdl,3960,2.20,0.94
n1-sdl,3970,2.27,0.98
n1-sdl,3980,2.26,0.96
n1-sdl,3990,2.30,0.98
n1-sdl,4000,2.27,0.97
n1-sdl,4010,2.30,0.98
n1-sdl,4020,2.22,0.94
n1-sdl,4030,2.24,0.96
n1-sdl,4040,2.15,0.93
n1-sdl,4050,2.25,0.96
n1-sdl,4060,2.22,0.95
n1-sdl,4070,2.22,0.96
n1-sdl,4080,2.16,0.93
n1-sdl,4090,2.21,0.95
n1-sdl,4100,2.21,0.96
n1-sdl,4110,2.21,0.94
n1-sdl,4120,2.25,0.96
n1-sdl,4130,2.21,0.95
n1-sdl,4140,2.27,0.97
n1-sdl,4150,2.37,1.01
n1-sdl,4160,2.32,0.99
n1-sdl,4170,2.28,0.99
n1-sdl,4180,2.17,0.95
n1-sdl,4190,2.27,0.96
n1-sdl,4200,2.36,1.01
n1-sdl,4210,2.22,0.95
n1-sdl,4220,2.24,0.96
n1-sdl,4230,2.34,0.99
n1-sdl,4240,2.24,0.96
n1-sdl,4250,2.30,0.99
n1-sdl,4260,2.26,0.96
n1-sdl,4270,2.28,0.98
n1-sdl,4280,2.23,0.95
n1-sdl,4290,2.19,0.94
n1-sdl,4300,2.29,0.98
n1-sdl,4310,2.29,0.97
n1-sdm,0,3.33,1.43
n1-sdm,10,3.35,1.43
n1-sdm,20,3.30,1.42
n1-sdm,30,3.31,1.42
n1-sdm,40,3.31,1.42
n1-sdm,50,3.32,1.43
n1-sdm,60,3.31,1.43
n1-sdm,70,3.29,1.42
n1-sdm,80,3.32,1.43
n1-sdm,90,3.33,1.43
n1-sdm,100,3.30,1.43
n1-sdm,110,3.30,1.43
n1-sdm,120,3.31,1.42
n1-sdm,130,3.34,1.43
n1-sdm,140,3.30,1.41
n1-sdm,150,3.29,1.42
n1-sdm,160,3.30,1.42
n1-sdm,170,3.31,1.44
n1-sdm,180,3.31,1.41
n1-sdm,190,3.29,1.41
n1-sdm,200,3.29,1.41
n1-sdm,210,3.31,1.43
n1-sdm,220,3.30,1.40
n1-sdm,230,3.31,1.41
n1-sdm,240,3.33,1.42
n1-sdm,250,3.30,1.41
n1-sdm,260,3.28,1.41
n1-sdm,270,3.30,1.42
n1-sdm,280,3.33,1.43
n1-sdm,290,3.28,1.40
n1-sdm,300,3.29,1.40
n1-sdm,310,3.32,1.41
n1-sdm,320,3.27,1.40
n1-sdm,330,3.26,1.40
n1-sdm,340,3.33,1.43
n1-sdm,350,3.37,1.44
n1-sdm,360,3.31,1.43
n1-sdm,370,3.32,1.42
n1-sdm,380,3.27,1.40
n1-sdm,390,3.26,1.40
n1-sdm,400,3.29,1.42
n1-sdm,410,3.27,1.40
n1-sdm,420,3.24,1.39
n1-sdm,430,3.21,1.38
n1-sdm,440,3.14,1.32
n1-sdm,450,2.98,1.28
n1-sdm,460,2.84,1.22
n1-sdm,470,2.69,1.15
n1-sdm,480,2.50,1.08
n1-sdm,490,2.42,1.03
n1-sdm,500,2.50,1.07
n1-sdm,510,2.51,1.07
n1-sdm,520,2.49,1.06
n1-sdm,530,2.55,1.10
n1-sdm,540,2.58,1.09
n1-sdm,550,2.56,1.11
n1-sdm,560,2.58,1.09
n1-sdm,570,2.57,1.12
n1-sdm,580,2.56,1.10
n1-sdm,590,2.57,1.10
n1-sdm,600,2.63,1.12
n1-sdm,610,2.59,1.10
n1-sdm,620,2.57,1.10
n1-sdm,630,2.61,1.12
n1-sdm,640,2.60,1.12
n1-sdm,650,2.59,1.10
n1-sdm,660,2.58,1.11
n1-sdm,670,2.66,1.13
n1-sdm,680,2.70,1.17
n1-sdm,690,2.72,1.16
n1-sdm,700,2.72,1.16
n1-sdm,710,3.28,1.41
n1-sdm,720,3.29,1.41
n1-sdm,730,3.30,1.41
n1-sdm,740,3.30,1.43
n1-sdm,750,3.31,1.43
n1-sdm,760,3.29,1.41
n1-sdm,770,3.39,1.44
n1-sdm,780,3.32,1.41
n1-sdm,790,3.31,1.41
n1-sdm,800,3.31,1.40
n1-sdm,810,3.29,1.40
n1-sdm,820,3.30,1.44
n1-sdm,830,3.31,1.42
n1-sdm,840,3.29,1.41
n1-sdm,850,3.30,1.42
n1-sdm,860,3.33,1.42
n1-sdm,870,3.33,1.43
n1-sdm,880,3.29,1.42
n1-sdm,890,3.31,1.42
n1-sdm,900,3.35,1.43
n1-sdm,910,3.33,1.44
n1-sdm,920,3.31,1.42
n1-sdm,930,3.31,1.40
n1-sdm,940,3.33,1.41
n1-sdm,950,3.29,1.41
n1-sdm,960,3.29,1.42
n1-sdm,970,3.22,1.39
n1-sdm,980,3.22,1.35
n1-sdm,990,3.16,1.38
n1-sdm,1000,3.05,1.32
n1-sdm,1010,2.97,1.27
n1-sdm,1020,2.93,1.25
n1-sdm,1030,2.94,1.26
n1-sdm,1040,2.88,1.22
n1-sdm,1050,2.80,1.21
n1-sdm,1060,2.86,1.23
n1-sdm,1070,2.82,1.21
n1-sdm,1080,2.83,1.22
n1-sdm,1090,2.78,1.21
n1-sdm,1100,2.79,1.20
n1-sdm,1110,2.79,1.18
n1-sdm,1120,2.79,1.18
n1-sdm,1130,2.72,1.16
n1-sdm,1140,2.73,1.17
n1-sdm,1150,2.75,1.19
n1-sdm,1160,2.77,1.20
n1-sdm,1170,2.73,1.17
n1-sdm,1180,2.73,1.18
n1-sdm,1190,2.77,1.18
n1-sdm,1200,2.79,1.19
n1-sdm,1210,2.80,1.20
n1-sdm,1220,2.73,1.19
n1-sdm,1230,2.79,1.20
n1-sdm,1240,2.83,1.22
n1-sdm,1250,2.88,1.22
n1-sdm,1260,2.87,1.23
n1-sdm,1270,2.92,1.24
n1-sdm,1280,2.99,1.29
n1-sdm,1290,3.03,1.29
n1-sdm,1300,3.08,1.31
n1-sdm,1310,3.09,1.32
n1-sdm,1320,3.15,1.35
n1-sdm,1330,3.17,1.37
n1-sdm,1340,3.17,1.37
n1-sdm,1350,3.21,1.38
n1-sdm,1360,3.22,1.38
n1-sdm,1370,3.26,1.40
n1-sdm,1380,3.25,1.42
n1-sdm,1390,3.26,1.40
n1-sdm,1400,3.28,1.40
n1-sdm,1410,3.30,1.41
n1-sdm,1420,3.29,1.40
n1-sdm,1430,3.27,1.42
n1-sdm,1440,3.29,1.40
n1-sdm,1450,3.32,1.41
n1-sdm,1460,3.29,1.42
n1-sdm,1470,3.27,1.40
n1-sdm,1480,3.29,1.42
n1-sdm,1490,3.28,1.42
n1-sdm,1500,3.28,1.40
n1-sdm,1510,3.26,1.37
n1-sdm,1520,3.24,1.38
n1-sdm,1530,3.19,1.37
n1-sdm,1540,3.19,1.36
n1-sdm,1550,3.06,1.32
n1-sdm,1560,2.98,1.27
n1-sdm,1570,2.93,1.25
n1-sdm,1580,2.90,1.24
n1-sdm,1590,2.85,1.22
n1-sdm,1600,2.85,1.22
n1-sdm,1610,2.80,1.20
n1-sdm,1620,2.83,1.22
n1-sdm,1630,2.81,1.20
n1-sdm,1640,2.80,1.19
n1-sdm,1650,2.81,1.21
n1-sdm,1660,2.84,1.22
n1-sdm,1670,2.84,1.19
n1-sdm,1680,2.84,1.23
n1-sdm,1690,2.86,1.22
n1-sdm,1700,2.78,1.19
n1-sdm,1710,2.80,1.19
n1-sdm,1720,2.79,1.19
n1-sdm,1730,2.77,1.19
n1-sdm,1740,2.75,1.17
n1-sdm,1750,2.77,1.18
n1-sdm,1760,2.77,1.22
n1-sdm,1770,2.76,1.18
n1-sdm,1780,2.79,1.20
n1-sdm,1790,2.83,1.23
n1-sdm,1800,2.80,1.18
n1-sdm,1810,2.80,1.20
n1-sdm,1820,2.85,1.22
n1-sdm,1830,2.78,1.20
n1-sdm,1840,2.84,1.24
n1-sdm,1850,2.83,1.22
n1-sdm,1860,2.86,1.21
n1-sdm,1870,2.87,1.22
n1-sdm,1880,2.94,1.28
n1-sdm,1890,2.95,1.26
n1-sdm,1900,2.98,1.28
n1-sdm,1910,3.08,1.32
n1-sdm,1920,3.05,1.30
n1-sdm,1930,3.08,1.30
n1-sdm,1940,3.17,1.35
n1-sdm,1950,3.15,1.36
n1-sdm,1960,3.25,1.39
n1-sdm,1970,3.22,1.38
n1-sdm,1980,3.19,1.37
n1-sdm,1990,3.18,1.37
n1-sdm,2000,3.22,1.38
n1-sdm,2010,3.23,1.39
n1-sdm,2020,3.22,1.36
n1-sdm,2030,3.22,1.37
n1-sdm,2040,3.26,1.41
n1-sdm,2050,3.22,1.40
n1-sdm,2060,3.25,1.39
n1-sdm,2070,3.30,1.40
n1-sdm,2080,3.23,1.40
n1-sdm,2090,3.20,1.36
n1-sdm,2100,3.17,1.35
n1-sdm,2110,3.11,1.32
n1-sdm,2120,3.04,1.30
n1-sdm,2130,3.01,1.29
n1-sdm,2140,2.94,1.27
n1-sdm,2150,2.97,1.29
n1-sdm,2160,2.91,1.24
n1-sdm,2170,2.94,1.25
n1-sdm,2180,2.91,1.25
n1-sdm,2190,2.90,1.24
n1-sdm,2200,2.91,1.23
n1-sdm,2210,2.86,1.23
n1-sdm,2220,2.88,1.24
n1-sdm,2230,2.89,1.25
n1-sdm,2240,2.91,1.26
n1-sdm,2250,2.93,1.26
n1-sdm,2260,2.91,1.24
n1-sdm,2270,2.97,1.27
n1-sdm,2280,3.00,1.27
n1-sdm,2290,2.96,1.27
n1-sdm,2300,2.97,1.27
n1-sdm,2310,2.96,1.28
n1-sdm,2320,2.95,1.27
n1-sdm,2330,2.90,1.24
n1-sdm,2340,2.94,1.25
n1-sdm,2350,3.03,1.29
n1-sdm,2360,2.89,1.24
n1-sdm,2370,2.87,1.22
n1-sdm,2380,2.88,1.24
n1-sdm,2390,2.88,1.23
n1-sdm,2400,2.83,1.23
n1-sdm,2410,2.89,1.25
n1-sdm,2420,2.96,1.24
n1-sdm,2430,2.89,1.25
n1-sdm,2440,2.91,1.25
n1-sdm,2450,2.88,1.24
n1-sdm,2460,2.91,1.25
n1-sdm,2470,2.94,1.27
n1-sdm,2480,2.99,1.28
n1-sdm,2490,3.01,1.31
n1-sdm,2500,3.07,1.32
n1-sdm,2510,3.08,1.32
n1-sdm,2520,3.15,1.34
n1-sdm,2530,3.14,1.34
n1-sdm,2540,3.20,1.37
n1-sdm,2550,3.23,1.39
n1-sdm,2560,3.19,1.38
n1-sdm,2570,3.24,1.38
n1-sdm,2580,3.27,1.39
n1-sdm,2590,3.27,1.41
n1-sdm,2600,3.23,1.37
n1-sdm,2610,3.23,1.39
n1-sdm,2620,3.26,1.39
n1-sdm,2630,3.19,1.36
n1-sdm,2640,3.17,1.35
n1-sdm,2650,3.14,1.34
n1-sdm,2660,3.17,1.35
n1-sdm,2670,3.10,1.33
n1-sdm,2680,3.03,1.31
n1-sdm,2690,3.02,1.30
n1-sdm,2700,3.03,1.31
n1-sdm,2710,3.04,1.28
n1-sdm,2720,2.97,1.28
n1-sdm,2730,2.99,1.28
n1-sdm,2740,3.10,1.32
n1-sdm,2750,2.93,1.27
n1-sdm,2760,2.94,1.27
n1-sdm,2770,2.90,1.24
n1-sdm,2780,2.90,1.25
n1-sdm,2790,2.97,1.26
n1-sdm,2800,2.97,1.27
n1-sdm,2810,2.98,1.27
n1-sdm,2820,2.98,1.27
n1-sdm,2830,2.97,1.28
n1-sdm,2840,3.01,1.29
n1-sdm,2850,3.04,1.30
n1-sdm,2860,3.03,1.27
n1-sdm,2870,3.04,1.28
n1-sdm,2880,2.97,1.28
n1-sdm,2890,3.01,1.30
n1-sdm,2900,3.00,1.28
n1-sdm,2910,2.98,1.29
n1-sdm,2920,2.99,1.28
n1-sdm,2930,2.93,1.26
n1-sdm,2940,2.94,1.26
n1-sdm,2950,2.94,1.26
n1-sdm,2960,2.92,1.25
n1-sdm,2970,2.90,1.27
n1-sdm,2980,2.92,1.25
n1-sdm,2990,2.94,1.28
n1-sdm,3000,2.92,1.26
n1-sdm,3010,2.89,1.24
n1-sdm,3020,2.89,1.26
n1-sdm,3030,2.93,1.25
n1-sdm,3040,2.87,1.24
n1-sdm,3050,2.93,1.26
n1-sdm,3060,2.97,1.26
n1-sdm,3070,2.94,1.27
n1-sdm,3080,2.95,1.26
n1-sdm,3090,3.01,1.29
n1-sdm,3100,3.01,1.29
n1-sdm,3110,3.00,1.30
n1-sdm,3120,3.03,1.31
n1-sdm,3130,3.10,1.33
n1-sdm,3140,3.16,1.35
n1-sdm,3150,3.12,1.33
n1-sdm,3160,3.16,1.37
n1-sdm,3170,3.10,1.33
n1-sdm,3180,3.11,1.35
n1-sdm,3190,3.15,1.36
n1-sdm,3200,3.10,1.32
n1-sdm,3210,3.08,1.30
n1-sdm,3220,3.08,1.33
n1-sdm,3230,3.04,1.30
n1-sdm,3240,3.04,1.30
n1-sdm,3250,3.02,1.31
n1-sdm,3260,3.00,1.29
n1-sdm,3270,2.99,1.28
n1-sdm,3280,2.98,1.26
n1-sdm,3290,3.00,1.27
n1-sdm,3300,2.93,1.25
n1-sdm,3310,2.90,1.23
n1-sdm,3320,2.97,1.28
n1-sdm,3330,2.91,1.26
n1-sdm,3340,2.91,1.25
n1-sdm,3350,2.96,1.27
n1-sdm,3360,2.93,1.24
n1-sdm,3370,2.93,1.25
n1-sdm,3380,2.94,1.27
n1-sdm,3390,2.97,1.27
n1-sdm,3400,2.95,1.26
n1-sdm,3410,3.01,1.29
n1-sdm,3420,3.02,1.28
n1-sdm,3430,3.03,1.30
n1-sdm,3440,3.05,1.31
n1-sdm,3450,3.03,1.32
n1-sdm,3460,3.04,1.30
n1-sdm,3470,3.06,1.33
n1-sdm,3480,3.02,1.29
n1-sdm,3490,3.01,1.28
n1-sdm,3500,3.07,1.31
n1-sdm,3510,3.02,1.30
n1-sdm,3520,2.98,1.28
n1-sdm,3530,3.03,1.30
n1-sdm,3540,3.05,1.29
n1-sdm,3550,2.94,1.25
n1-sdm,3560,2.95,1.29
n1-sdm,3570,2.94,1.27
n1-sdm,3580,2.93,1.26
n1-sdm,3590,2.95,1.27
n1-sdm,3600,2.97,1.28
n1-sdm,3610,2.90,1.25
n1-sdm,3620,2.93,1.28
n1-sdm,3630,2.95,1.27
n1-sdm,3640,2.92,1.27
n1-sdm,3650,2.95,1.25
n1-sdm,3660,2.95,1.27
n1-sdm,3670,3.00,1.27
n1-sdm,3680,2.98,1.27
n1-sdm,3690,3.01,1.32
n1-sdm,3700,3.28,1.40
n1-sdm,3710,3.29,1.41
n1-sdm,3720,3.27,1.40
n1-sdm,3730,3.32,1.42
n1-sdm,3740,3.32,1.42
n1-sdm,3750,3.31,1.42
n1-sdm,3760,3.27,1.40
n1-sdm,3770,3.30,1.43
n1-sdm,3780,3.31,1.41
n1-sdm,3790,3.29,1.39
n1-sdm,3800,3.31,1.42
n1-sdm,3810,3.28,1.41
n1-sdm,3820,3.27,1.41
n1-sdm,3830,3.25,1.40
n1-sdm,3840,3.25,1.40
n1-sdm,3850,3.26,1.40
n1-sdm,3860,3.26,1.40
n1-sdm,3870,3.22,1.38
n1-sdm,3880,3.26,1.40
n1-sdm,3890,3.25,1.40
n1-sdm,3900,3.21,1.36
n1-sdm,3910,3.27,1.40
n1-sdm,3920,3.33,1.43
n1-sdm,3930,3.28,1.41
n1-sdm,3940,3.29,1.41
n1-sdm,3950,3.33,1.44
n1-sdm,3960,3.34,1.42
n1-sdm,3970,3.30,1.42
n1-sdm,3980,3.32,1.42
n1-sdm,3990,3.32,1.42
n1-sdm,4000,3.31,1.42
n1-sdm,4010,3.34,1.44
n1-sdm,4020,3.32,1.43
n1-sdm,4030,3.35,1.44
n1-sdm,4040,3.33,1.46
n1-sdm,4050,3.33,1.44
n1-sdm,4060,3.31,1.42
n1-sdm,4070,3.32,1.43
n1-sdm,4080,3.29,1.42
n1-sdm,4090,3.33,1.44
n1-sdm,4100,3.29,1.41
n1-sdm,4110,3.28,1.39
n1-sdm,4120,3.26,1.41
n1-sdm,4130,3.25,1.39
n1-sdm,4140,3.27,1.40
n1-sdm,4150,3.23,1.37
n1-sdm,4160,3.22,1.39
n1-sdm,4170,3.23,1.39
n1-sdm,4180,3.22,1.38
n1-sdm,4190,3.21,1.38
n1-sdm,4200,3.22,1.39
n1-sdm,4210,3.20,1.37
n1-sdm,4220,3.24,1.38
n1-sdm,4230,3.24,1.38
n1-sdm,4240,3.21,1.38
n1-sdm,4250,3.22,1.39
n1-sdm,4260,3.25,1.39
n1-sdm,4270,3.22,1.40
n1-sdm,4280,3.31,1.43
n1-sdm,4290,3.25,1.39
n1-sdm,4300,3.26,1.39
n1-sdm,4310,3.29,1.40
n2-sdk,0,5.45,2.34
n2-sdk,10,5.53,2.37
n2-sdk,20,5.50,2.36
n2-sdk,30,5.53,2.39
n2-sdk,40,5.52,2.37
n2-sdk,50,5.52,2.38
n2-sdk,60,5.51,2.39
n2-sdk,70,5.52,2.36
n2-sdk,80,5.51,2.36
n2-sdk,90,5.54,2.37
n2-sdk,100,5.51,2.39
n2-sdk,110,5.52,2.36
n2-sdk,120,5.52,2.37
n2-sdk,130,5.54,2.36
n2-sdk,140,5.52,2.35
n2-sdk,150,5.51,2.36
n2-sdk,160,4.86,2.09
n2-sdk,170,4.37,1.86
n2-sdk,180,4.40,1.87
n2-sdk,190,2.38,1.02
n2-sdk,200,2.41,1.04
n2-sdk,210,2.32,0.98
n2-sdk,220,2.16,0.92
n2-sdk,230,2.13,0.92
n2-sdk,240,1.70,0.73
n2-sdk,250,1.47,0.63
n2-sdk,260,3.76,1.61
n2-sdk,270,5.51,2.37
n2-sdk,280,5.55,2.38
n2-sdk,290,5.56,2.40
n2-sdk,300,5.55,2.38
n2-sdk,310,5.56,2.35
n2-sdk,320,5.54,2.38
n2-sdk,330,5.54,2.38
n2-sdk,340,5.55,2.37
n2-sdk,350,5.55,2.37
n2-sdk,360,5.53,2.37
n2-sdk,370,5.55,2.38
n2-sdk,380,5.55,2.39
n2-sdk,390,5.29,2.25
n2-sdk,400,4.41,1.88
n2-sdk,410,4.53,1.94
n2-sdk,420,3.34,1.44
n2-sdk,430,2.44,1.03
n2-sdk,440,2.49,1.07
n2-sdk,450,2.54,1.09
n2-sdk,460,2.64,1.13
n2-sdk,470,2.68,1.15
n2-sdk,480,2.71,1.16
n2-sdk,490,2.85,1.23
n2-sdk,500,2.39,1.02
n2-sdk,510,5.12,2.21
n2-sdk,520,5.55,2.39
n2-sdk,530,5.60,2.38
n2-sdk,540,5.54,2.35
n2-sdk,550,5.52,2.35
n2-sdk,560,5.51,2.40
n2-sdk,570,5.52,2.36
n2-sdk,580,5.51,2.36
n2-sdk,590,5.54,2.39
n2-sdk,600,5.50,2.34
n2-sdk,610,5.49,2.37
n2-sdk,620,5.42,2.32
n2-sdk,630,4.37,1.84
n2-sdk,640,4.51,1.94
n2-sdk,650,3.87,1.66
n2-sdk,660,2.57,1.10
n2-sdk,670,2.68,1.14
n2-sdk,680,2.64,1.15
n2-sdk,690,2.63,1.14
n2-sdk,700,2.69,1.16
n2-sdk,710,2.83,1.21
n2-sdk,720,2.80,1.20
n2-sdk,730,2.78,1.17
n2-sdk,740,4.46,1.92
n2-sdk,750,5.42,2.34
n2-sdk,760,5.43,2.34
n2-sdk,770,5.48,2.34
n2-sdk,780,5.48,2.32
n2-sdk,790,5.42,2.34
n2-sdk,800,5.53,2.38
n2-sdk,810,5.48,2.35
n2-sdk,820,5.49,2.34
n2-sdk,830,5.46,2.37
n2-sdk,840,5.44,2.33
n2-sdk,850,5.33,2.27
n2-sdk,860,3.05,1.31
n2-sdk,870,2.67,1.14
n2-sdk,880,0.88,0.37
n2-sdk,890,1.06,0.45
n2-sdk,900,0.90,0.38
n2-sdk,910,0.91,0.39
n2-sdk,920,0.93,0.39
n2-sdk,930,0.85,0.38
n2-sdk,940,0.90,0.38
n2-sdk,950,0.85,0.37
n2-sdk,960,0.75,0.33
n2-sdk,970,1.42,0.60
n2-sdk,980,3.28,1.41
n2-sdk,990,3.20,1.38
n2-sdk,1000,3.07,1.33
n2-sdk,1010,3.12,1.34
n2-sdk,1020,3.06,1.31
n2-sdk,1030,3.21,1.38
n2-sdk,1040,3.19,1.39
n2-sdk,1050,3.21,1.38
n2-sdk,1060,3.71,1.57
n2-sdk,1070,4.87,2.09
n2-sdk,1080,5.28,2.27
n2-sdk,1090,4.12,1.76
n2-sdk,1100,4.59,1.97
n2-sdk,1110,3.47,1.49
n2-sdk,1120,3.17,1.37
n2-sdk,1130,3.45,1.48
n2-sdk,1140,3.59,1.52
n2-sdk,1150,3.33,1.41
n2-sdk,1160,3.69,1.58
n2-sdk,1170,3.68,1.58
n2-sdk,1180,4.14,1.76
n2-sdk,1190,3.96,1.70
n2-sdk,1200,4.07,1.74
n2-sdk,1210,4.03,1.73
n2-sdk,1220,3.17,1.36
n2-sdk,1230,4.53,1.95
n2-sdk,1240,5.29,2.26
n2-sdk,1250,5.38,2.31
n2-sdk,1260,5.40,2.30
n2-sdk,1270,5.45,2.33
n2-sdk,1280,5.39,2.30
n2-sdk,1290,5.41,2.31
n2-sdk,1300,5.45,2.34
n2-sdk,1310,4.61,2.01
n2-sdk,1320,4.51,1.94
n2-sdk,1330,3.91,1.66
n2-sdk,1340,2.56,1.11
n2-sdk,1350,3.33,1.42
n2-sdk,1360,3.19,1.39
n2-sdk,1370,3.33,1.44
n2-sdk,1380,3.56,1.51
n2-sdk,1390,3.71,1.59
n2-sdk,1400,3.51,1.51
n2-sdk,1410,3.80,1.63
n2-sdk,1420,3.75,1.61
n2-sdk,1430,4.29,1.83
n2-sdk,1440,3.81,1.61
n2-sdk,1450,3.08,1.32
n2-sdk,1460,4.79,2.07
n2-sdk,1470,5.31,2.27
n2-sdk,1480,5.33,2.29
n2-sdk,1490,5.28,2.28
n2-sdk,1500,5.44,2.31
n2-sdk,1510,5.38,2.33
n2-sdk,1520,5.39,2.32
n2-sdk,1530,5.37,2.29
n2-sdk,1540,4.40,1.90
n2-sdk,1550,4.56,1.95
n2-sdk,1560,3.97,1.68
n2-sdk,1570,2.74,1.18
n2-sdk,1580,3.32,1.43
n2-sdk,1590,3.25,1.41
n2-sdk,1600,3.38,1.44
n2-sdk,1610,3.45,1.47
n2-sdk,1620,3.58,1.54
n2-sdk,1630,3.68,1.57
n2-sdk,1640,3.66,1.56
n2-sdk,1650,3.97,1.72
n2-sdk,1660,3.98,1.72
n2-sdk,1670,4.00,1.74
n2-sdk,1680,3.38,1.45
n2-sdk,1690,4.07,1.74
n2-sdk,1700,5.20,2.22
n2-sdk,1710,5.36,2.30
n2-sdk,1720,5.34,2.29
n2-sdk,1730,5.44,2.32
n2-sdk,1740,5.38,2.29
n2-sdk,1750,5.39,2.31
n2-sdk,1760,5.36,2.30
n2-sdk,1770,4.54,1.94
n2-sdk,1780,4.53,1.95
n2-sdk,1790,4.14,1.78
n2-sdk,1800,2.91,1.24
n2-sdk,1810,3.16,1.37
n2-sdk,1820,3.36,1.44
n2-sdk,1830,3.35,1.45
n2-sdk,1840,3.51,1.52
n2-sdk,1850,3.81,1.61
n2-sdk,1860,3.81,1.63
n2-sdk,1870,3.53,1.51
n2-sdk,1880,4.03,1.74
n2-sdk,1890,4.08,1.76
n2-sdk,1900,3.91,1.67
n2-sdk,1910,3.09,1.33
n2-sdk,1920,3.58,1.52
n2-sdk,1930,5.08,2.18
n2-sdk,1940,5.11,2.17
n2-sdk,1950,4.89,2.09
n2-sdk,1960,4.66,1.99
n2-sdk,1970,4.16,1.78
n2-sdk,1980,3.55,1.52
n2-sdk,1990,3.80,1.64
n2-sdk,2000,3.33,1.42
n2-sdk,2010,1.28,0.55
n2-sdk,2020,1.14,0.49
n2-sdk,2030,0.49,0.21
n2-sdk,2040,0.56,0.24
n2-sdk,2050,0.57,0.24
n2-sdk,2060,0.60,0.26
n2-sdk,2070,0.58,0.25
n2-sdk,2080,0.71,0.30
n2-sdk,2090,0.62,0.27
n2-sdk,2100,0.67,0.29
n2-sdk,2110,0.66,0.28
n2-sdk,2120,0.73,0.31
n2-sdk,2130,0.86,0.36
n2-sdk,2140,1.54,0.67
n2-sdk,2150,3.08,1.34
n2-sdk,2160,3.41,1.46
n2-sdk,2170,3.33,1.43
n2-sdk,2180,3.68,1.58
n2-sdk,2190,4.25,1.81
n2-sdk,2200,4.34,1.86
n2-sdk,2210,3.38,1.45
n2-sdk,2220,3.14,1.35
n2-sdk,2230,2.10,0.89
n2-sdk,2240,2.33,0.99
n2-sdk,2250,2.72,1.14
n2-sdk,2260,3.08,1.31
n2-sdk,2270,3.55,1.55
n2-sdk,2280,3.81,1.62
n2-sdk,2290,4.14,1.78
n2-sdk,2300,4.65,2.01
n2-sdk,2310,4.26,1.81
n2-sdk,2320,3.55,1.53
n2-sdk,2330,3.65,1.57
n2-sdk,2340,4.06,1.75
n2-sdk,2350,4.97,2.15
n2-sdk,2360,5.04,2.18
n2-sdk,2370,5.20,2.25
n2-sdk,2380,5.41,2.33
n2-sdk,2390,5.20,2.22
n2-sdk,2400,5.03,2.16
n2-sdk,2410,4.99,2.14
n2-sdk,2420,4.04,1.75
n2-sdk,2430,3.66,1.58
n2-sdk,2440,3.55,1.52
n2-sdk,2450,3.31,1.42
n2-sdk,2460,3.85,1.65
n2-sdk,2470,3.06,1.32
n2-sdk,2480,3.86,1.66
n2-sdk,2490,3.85,1.65
n2-sdk,2500,4.13,1.75
n2-sdk,2510,4.24,1.82
n2-sdk,2520,4.58,1.96
n2-sdk,2530,4.47,1.93
n2-sdk,2540,3.55,1.53
n2-sdk,2550,3.83,1.62
n2-sdk,2560,3.28,1.40
n2-sdk,2570,4.80,2.05
n2-sdk,2580,4.99,2.14
n2-sdk,2590,5.19,2.24
n2-sdk,2600,5.19,2.23
n2-sdk,2610,5.37,2.30
n2-sdk,2620,5.05,2.15
n2-sdk,2630,5.00,2.15
n2-sdk,2640,4.72,2.01
n2-sdk,2650,3.76,1.61
n2-sdk,2660,3.61,1.57
n2-sdk,2670,3.06,1.31
n2-sdk,2680,3.52,1.53
n2-sdk,2690,3.50,1.49
n2-sdk,2700,3.36,1.44
n2-sdk,2710,3.95,1.68
n2-sdk,2720,3.86,1.66
n2-sdk,2730,4.10,1.76
n2-sdk,2740,4.22,1.79
n2-sdk,2750,4.51,1.96
n2-sdk,2760,3.89,1.67
n2-sdk,2770,3.71,1.59
n2-sdk,2780,3.92,1.69
n2-sdk,2790,3.49,1.52
n2-sdk,2800,4.70,2.02
n2-sdk,2810,4.95,2.14
n2-sdk,2820,5.19,2.22
n2-sdk,2830,5.34,2.27
n2-sdk,2840,5.22,2.25
n2-sdk,2850,5.02,2.16
n2-sdk,2860,4.99,2.13
n2-sdk,2870,4.45,1.90
n2-sdk,2880,3.32,1.43
n2-sdk,2890,3.54,1.52
n2-sdk,2900,3.46,1.50
n2-sdk,2910,3.58,1.52
n2-sdk,2920,3.21,1.36
n2-sdk,2930,3.77,1.61
n2-sdk,2940,3.86,1.65
n2-sdk,2950,3.95,1.70
n2-sdk,2960,4.16,1.78
n2-sdk,2970,4.29,1.83
n2-sdk,2980,4.73,2.03
n2-sdk,2990,3.59,1.54
n2-sdk,3000,3.77,1.62
n2-sdk,3010,3.35,1.42
n2-sdk,3020,4.26,1.83
n2-sdk,3030,4.74,2.03
n2-sdk,3040,4.87,2.09
n2-sdk,3050,4.95,2.11
n2-sdk,3060,5.22,2.24
n2-sdk,3070,4.29,1.83
n2-sdk,3080,3.72,1.60
n2-sdk,3090,2.45,1.06
n2-sdk,3100,1.34,0.58
n2-sdk,3110,1.17,0.50
n2-sdk,3120,1.24,0.53
n2-sdk,3130,1.09,0.47
n2-sdk,3140,1.28,0.55
n2-sdk,3150,1.33,0.57
n2-sdk,3160,1.24,0.54
n2-sdk,3170,1.67,0.73
n2-sdk,3180,0.94,0.40
n2-sdk,3190,0.95,0.41
n2-sdk,3200,1.30,0.57
n2-sdk,3210,3.03,1.30
n2-sdk,3220,3.06,1.31
n2-sdk,3230,3.46,1.50
n2-sdk,3240,3.20,1.38
n2-sdk,3250,2.94,1.27
n2-sdk,3260,2.77,1.17
n2-sdk,3270,2.09,0.89
n2-sdk,3280,0.96,0.42
n2-sdk,3290,0.82,0.35
n2-sdk,3300,1.24,0.54
n2-sdk,3310,0.89,0.38
n2-sdk,3320,1.16,0.49
n2-sdk,3330,1.69,0.73
n2-sdk,3340,1.68,0.72
n2-sdk,3350,1.71,0.73
n2-sdk,3360,1.29,0.55
n2-sdk,3370,1.37,0.59
n2-sdk,3380,2.09,0.90
n2-sdk,3390,3.09,1.32
n2-sdk,3400,3.55,1.53
n2-sdk,3410,4.14,1.78
n2-sdk,3420,4.21,1.81
n2-sdk,3430,3.97,1.70
n2-sdk,3440,3.23,1.38
n2-sdk,3450,2.94,1.25
n2-sdk,3460,3.81,1.64
n2-sdk,3470,3.25,1.39
n2-sdk,3480,4.06,1.74
n2-sdk,3490,4.38,1.89
n2-sdk,3500,3.88,1.66
n2-sdk,3510,4.15,1.77
n2-sdk,3520,4.30,1.85
n2-sdk,3530,4.45,1.92
n2-sdk,3540,4.32,1.85
n2-sdk,3550,4.14,1.78
n2-sdk,3560,3.44,1.48
n2-sdk,3570,4.19,1.80
n2-sdk,3580,4.60,1.97
n2-sdk,3590,4.81,2.06
n2-sdk,3600,5.05,2.16
n2-sdk,3610,4.83,2.06
n2-sdk,3620,5.00,2.14
n2-sdk,3630,4.55,1.95
n2-sdk,3640,4.05,1.73
n2-sdk,3650,3.77,1.63
n2-sdk,3660,3.35,1.44
n2-sdk,3670,3.92,1.67
n2-sdk,3680,3.83,1.65
n2-sdk,3690,3.74,1.62
n2-sdk,3700,4.07,1.75
n2-sdk,3710,4.21,1.79
n2-sdk,3720,3.60,1.53
n2-sdk,3730,4.20,1.81
n2-sdk,3740,4.04,1.74
n2-sdk,3750,4.32,1.86
n2-sdk,3760,4.21,1.81
n2-sdk,3770,4.39,1.86
n2-sdk,3780,3.46,1.47
n2-sdk,3790,3.87,1.67
n2-sdk,3800,4.42,1.89
n2-sdk,3810,4.64,1.99
n2-sdk,3820,4.76,2.04
n2-sdk,3830,4.90,2.10
n2-sdk,3840,4.85,2.09
n2-sdk,3850,4.75,2.03
n2-sdk,3860,4.13,1.79
n2-sdk,3870,3.81,1.63
n2-sdk,3880,3.54,1.52
n2-sdk,3890,3.78,1.60
n2-sdk,3900,3.79,1.64
n2-sdk,3910,3.49,1.49
n2-sdk,3920,3.95,1.69
n2-sdk,3930,4.28,1.83
n2-sdk,3940,3.77,1.63
n2-sdk,3950,3.95,1.69
n2-sdk,3960,4.34,1.86
n2-sdk,3970,4.04,1.73
n2-sdk,3980,4.09,1.75
n2-sdk,3990,4.39,1.92
n2-sdk,4000,3.75,1.61
n2-sdk,4010,3.46,1.50
n2-sdk,4020,4.19,1.80
n2-sdk,4030,4.54,1.94
n2-sdk,4040,4.66,1.99
n2-sdk,4050,5.08,2.15
n2-sdk,4060,4.79,2.07
n2-sdk,4070,4.77,2.03
n2-sdk,4080,4.64,2.00
n2-sdk,4090,4.04,1.73
n2-sdk,4100,3.74,1.60
n2-sdk,4110,3.29,1.41
n2-sdk,4120,3.96,1.72
n2-sdk,4130,3.64,1.57
n2-sdk,4140,3.77,1.60
n2-sdk,4150,4.05,1.73
n2-sdk,4160,4.25,1.81
n2-sdk,4170,3.56,1.51
n2-sdk,4180,4.31,1.84
n2-sdk,4190,4.01,1.74
n2-sdk,4200,3.94,1.70
n2-sdk,4210,3.94,1.69
n2-sdk,4220,3.84,1.64
n2-sdk,4230,2.61,1.12
n2-sdk,4240,3.34,1.42
n2-sdk,4250,3.40,1.46
n2-sdk,4260,3.83,1.65
n2-sdk,4270,3.45,1.47
n2-sdk,4280,2.84,1.22
n2-sdk,4290,2.04,0.87
n2-sdk,4300,1.46,0.63
n2-sdk,4310,1.51,0.65
n2-sdl,0,2.53,1.08
n2-sdl,10,2.49,1.07
n2-sdl,20,2.49,1.06
n2-sdl,30,2.46,1.06
n2-sdl,40,2.46,1.06
n2-sdl,50,2.47,1.06
n2-sdl,60,2.46,1.06
n2-sdl,70,2.45,1.05
n2-sdl,80,2.44,1.06
n2-sdl,90,2.44,1.05
n2-sdl,100,2.44,1.06
n2-sdl,110,2.43,1.06
n2-sdl,120,2.45,1.04
n2-sdl,130,2.44,1.06
n2-sdl,140,2.44,1.06
n2-sdl,150,2.43,1.05
n2-sdl,160,2.44,1.05
n2-sdl,170,2.45,1.05
n2-sdl,180,2.45,1.05
n2-sdl,190,2.47,1.06
n2-sdl,200,2.49,1.07
n2-sdl,210,2.49,1.07
n2-sdl,220,2.49,1.08
n2-sdl,230,2.50,1.07
n2-sdl,240,2.51,1.08
n2-sdl,250,2.51,1.08
n2-sdl,260,2.50,1.06
n2-sdl,270,2.47,1.06
n2-sdl,280,2.46,1.06
n2-sdl,290,2.48,1.06
n2-sdl,300,2.48,1.05
n2-sdl,310,2.47,1.04
n2-sdl,320,2.46,1.05
n2-sdl,330,2.46,1.06
n2-sdl,340,2.47,1.05
n2-sdl,350,2.46,1.06
n2-sdl,360,2.46,1.06
n2-sdl,370,2.45,1.06
n2-sdl,380,2.46,1.05
n2-sdl,390,2.47,1.05
n2-sdl,400,2.48,1.05
n2-sdl,410,2.47,1.06
n2-sdl,420,2.47,1.06
n2-sdl,430,2.48,1.06
n2-sdl,440,2.48,1.05
n2-sdl,450,2.48,1.06
n2-sdl,460,2.47,1.07
n2-sdl,470,2.47,1.06
n2-sdl,480,2.53,1.08
n2-sdl,490,2.46,1.06
n2-sdl,500,2.47,1.06
n2-sdl,510,2.43,1.04
n2-sdl,520,2.43,1.05
n2-sdl,530,2.44,1.05
n2-sdl,540,2.43,1.06
n2-sdl,550,2.43,1.04
n2-sdl,560,2.43,1.04
n2-sdl,570,2.43,1.04
n2-sdl,580,2.42,1.04
n2-sdl,590,2.44,1.02
n2-sdl,600,2.42,1.04
n2-sdl,610,2.43,1.04
n2-sdl,620,2.41,1.04
n2-sdl,630,2.43,1.04
n2-sdl,640,2.42,1.03
n2-sdl,650,2.43,1.03
n2-sdl,660,2.42,1.05
n2-sdl,670,2.42,1.03
n2-sdl,680,2.42,1.04
n2-sdl,690,2.41,1.04
n2-sdl,700,2.42,1.02
n2-sdl,710,2.41,1.05
n2-sdl,720,2.43,1.02
n2-sdl,730,2.41,1.04
n2-sdl,740,2.39,1.03
n2-sdl,750,2.38,1.02
n2-sdl,760,2.38,1.02
n2-sdl,770,2.38,1.01
n2-sdl,780,2.37,1.02
n2-sdl,790,2.39,1.02
n2-sdl,800,2.38,1.02
n2-sdl,810,2.38,1.02
n2-sdl,820,2.38,1.02
n2-sdl,830,2.38,1.02
n2-sdl,840,2.38,1.01
n2-sdl,850,2.37,1.04
n2-sdl,860,2.42,1.04
n2-sdl,870,2.43,1.03
n2-sdl,880,2.44,1.05
n2-sdl,890,2.43,1.04
n2-sdl,900,2.42,1.04
n2-sdl,910,2.44,1.04
n2-sdl,920,2.44,1.04
n2-sdl,930,2.42,1.05
n2-sdl,940,2.42,1.04
n2-sdl,950,2.43,1.04
n2-sdl,960,2.42,1.03
n2-sdl,970,2.47,1.05
n2-sdl,980,2.39,1.01
n2-sdl,990,2.39,1.02
n2-sdl,1000,2.40,1.02
n2-sdl,1010,2.38,1.01
n2-sdl,1020,2.40,1.01
n2-sdl,1030,2.38,1.03
n2-sdl,1040,2.39,1.05
n2-sdl,1050,2.38,1.02
n2-sdl,1060,2.38,1.01
n2-sdl,1070,2.35,1.01
n2-sdl,1080,2.34,1.01
n2-sdl,1090,2.35,1.01
n2-sdl,1100,2.35,1.00
n2-sdl,1110,2.35,1.01
n2-sdl,1120,2.35,1.02
n2-sdl,1130,2.36,1.01
n2-sdl,1140,2.35,1.00
n2-sdl,1150,2.36,1.01
n2-sdl,1160,2.34,1.01
n2-sdl,1170,2.34,1.02
n2-sdl,1180,2.36,1.00
n2-sdl,1190,2.35,1.01
n2-sdl,1200,2.36,0.99
n2-sdl,1210,2.36,0.99
n2-sdl,1220,2.36,1.01
n2-sdl,1230,2.33,1.01
n2-sdl,1240,2.33,1.00
n2-sdl,1250,2.34,1.01
n2-sdl,1260,2.34,0.98
n2-sdl,1270,2.32,0.99
n2-sdl,1280,2.31,1.02
n2-sdl,1290,2.33,1.00
n2-sdl,1300,2.33,1.00
n2-sdl,1310,2.35,1.00
n2-sdl,1320,2.35,1.00
n2-sdl,1330,2.35,1.00
n2-sdl,1340,2.37,1.01
n2-sdl,1350,2.35,1.01
n2-sdl,1360,2.37,1.02
n2-sdl,1370,2.36,1.01
n2-sdl,1380,2.35,1.02
n2-sdl,1390,2.36,1.00
n2-sdl,1400,2.34,1.01
n2-sdl,1410,2.35,1.01
n2-sdl,1420,2.36,1.01
n2-sdl,1430,2.36,1.00
n2-sdl,1440,2.37,0.99
n2-sdl,1450,2.37,1.01
n2-sdl,1460,2.35,1.01
n2-sdl,1470,2.30,1.00
n2-sdl,1480,2.38,1.03
n2-sdl,1490,2.34,1.00
n2-sdl,1500,2.33,1.01
n2-sdl,1510,2.33,1.01
n2-sdl,1520,2.35,0.99
n2-sdl,1530,2.35,1.01
n2-sdl,1540,2.37,1.02
n2-sdl,1550,2.37,1.02
n2-sdl,1560,2.36,1.03
n2-sdl,1570,2.39,1.02
n2-sdl,1580,2.37,1.03
n2-sdl,1590,2.40,1.01
n2-sdl,1600,2.39,1.02
n2-sdl,1610,2.40,1.02
n2-sdl,1620,2.39,1.03
n2-sdl,1630,2.39,1.02
n2-sdl,1640,2.39,1.01
n2-sdl,1650,2.40,1.02
n2-sdl,1660,2.39,1.03
n2-sdl,1670,2.40,1.03
n2-sdl,1680,2.40,1.03
n2-sdl,1690,2.39,1.03
n2-sdl,1700,2.38,1.03
n2-sdl,1710,2.38,1.03
n2-sdl,1720,2.39,1.02
n2-sdl,1730,2.38,1.02
n2-sdl,1740,2.38,1.02
n2-sdl,1750,2.38,1.03
n2-sdl,1760,2.38,1.03
n2-sdl,1770,2.40,1.03
n2-sdl,1780,2.39,1.02
n2-sdl,1790,2.39,1.02
n2-sdl,1800,2.41,1.03
n2-sdl,1810,2.42,1.03
n2-sdl,1820,2.40,1.04
n2-sdl,1830,2.40,1.04
n2-sdl,1840,2.40,1.02
n2-sdl,1850,2.41,1.02
n2-sdl,1860,2.39,1.02
n2-sdl,1870,2.40,1.03
n2-sdl,1880,2.40,1.02
n2-sdl,1890,2.39,1.03
n2-sdl,1900,2.40,1.04
n2-sdl,1910,2.41,1.03
n2-sdl,1920,2.40,1.03
n2-sdl,1930,2.38,1.01
n2-sdl,1940,2.40,1.01
n2-sdl,1950,2.40,1.02
n2-sdl,1960,2.39,1.02
n2-sdl,1970,2.38,1.02
n2-sdl,1980,2.46,1.05
n2-sdl,1990,2.40,1.03
n2-sdl,2000,2.42,1.04
n2-sdl,2010,2.45,1.05
n2-sdl,2020,2.45,1.04
n2-sdl,2030,2.44,1.06
n2-sdl,2040,2.46,1.04
n2-sdl,2050,2.45,1.05
n2-sdl,2060,2.45,1.05
n2-sdl,2070,2.44,1.05
n2-sdl,2080,2.45,1.05
n2-sdl,2090,2.45,1.04
n2-sdl,2100,2.44,1.05
n2-sdl,2110,2.45,1.04
n2-sdl,2120,2.44,1.05
n2-sdl,2130,2.43,1.03
n2-sdl,2140,2.41,1.03
n2-sdl,2150,2.39,1.02
n2-sdl,2160,2.38,1.02
n2-sdl,2170,2.42,1.02
n2-sdl,2180,2.38,1.03
n2-sdl,2190,2.37,1.00
n2-sdl,2200,2.36,1.01
n2-sdl,2210,2.39,1.02
n2-sdl,2220,2.38,1.02
n2-sdl,2230,2.38,1.04
n2-sdl,2240,2.38,1.03
n2-sdl,2250,2.39,1.03
n2-sdl,2260,2.37,1.01
n2-sdl,2270,2.35,1.02
n2-sdl,2280,2.37,1.00
n2-sdl,2290,2.35,1.00
n2-sdl,2300,2.33,1.01
n2-sdl,2310,2.35,1.01
n2-sdl,2320,2.35,1.02
n2-sdl,2330,2.33,1.01
n2-sdl,2340,2.35,1.01
n2-sdl,2350,2.35,0.99
n2-sdl,2360,2.33,0.99
n2-sdl,2370,2.32,1.00
n2-sdl,2380,2.32,0.99
n2-sdl,2390,2.32,1.00
n2-sdl,2400,2.33,1.00
n2-sdl,2410,2.34,1.00
n2-sdl,2420,2.33,1.00
n2-sdl,2430,2.35,1.00
n2-sdl,2440,2.35,0.99
n2-sdl,2450,2.35,0.99
n2-sdl,2460,2.32,1.00
n2-sdl,2470,2.33,1.00
n2-sdl,2480,2.35,1.01
n2-sdl,2490,2.32,0.98
n2-sdl,2500,2.30,0.99
n2-sdl,2510,2.31,0.99
n2-sdl,2520,2.29,0.99
n2-sdl,2530,2.30,0.99
n2-sdl,2540,2.32,1.00
n2-sdl,2550,2.31,1.00
n2-sdl,2560,2.33,0.98
n2-sdl,2570,2.31,0.98
n2-sdl,2580,2.31,0.98
n2-sdl,2590,2.28,0.99
n2-sdl,2600,2.28,0.99
n2-sdl,2610,2.30,1.00
n2-sdl,2620,2.31,0.99
n2-sdl,2630,2.30,0.98
n2-sdl,2640,2.32,0.98
n2-sdl,2650,2.32,1.00
n2-sdl,2660,2.33,1.01
n2-sdl,2670,2.33,1.00
n2-sdl,2680,2.34,0.99
n2-sdl,2690,2.33,0.99
n2-sdl,2700,2.34,0.99
n2-sdl,2710,2.33,1.00
n2-sdl,2720,2.32,0.99
n2-sdl,2730,2.32,1.00
n2-sdl,2740,2.33,1.01
n2-sdl,2750,2.32,0.99
n2-sdl,2760,2.33,0.99
n2-sdl,2770,2.32,0.99
n2-sdl,2780,2.33,1.00
n2-sdl,2790,2.33,1.00
n2-sdl,2800,2.31,0.98
n2-sdl,2810,2.32,0.98
n2-sdl,2820,2.30,1.00
n2-sdl,2830,2.30,0.99
n2-sdl,2840,2.31,1.01
n2-sdl,2850,2.33,1.00
n2-sdl,2860,2.33,1.01
n2-sdl,2870,2.36,1.02
n2-sdl,2880,2.37,1.01
n2-sdl,2890,2.38,1.01
n2-sdl,2900,2.34,1.00
n2-sdl,2910,2.35,1.00
n2-sdl,2920,2.35,1.01
n2-sdl,2930,2.34,1.00
n2-sdl,2940,2.33,1.00
n2-sdl,2950,2.33,1.01
n2-sdl,2960,2.33,0.99
n2-sdl,2970,2.32,1.00
n2-sdl,2980,2.31,0.97
n2-sdl,2990,2.35,1.01
n2-sdl,3000,2.34,0.99
n2-sdl,3010,2.34,1.01
n2-sdl,3020,2.34,0.99
n2-sdl,3030,2.30,0.99
n2-sdl,3040,2.31,0.99
n2-sdl,3050,2.31,0.99
n2-sdl,3060,2.31,1.00
n2-sdl,3070,2.30,1.00
n2-sdl,3080,2.34,0.98
n2-sdl,3090,2.35,1.02
n2-sdl,3100,2.37,1.02
n2-sdl,3110,2.39,1.02
n2-sdl,3120,2.40,1.02
n2-sdl,3130,2.40,1.03
n2-sdl,3140,2.39,1.04
n2-sdl,3150,2.39,1.02
n2-sdl,3160,2.39,1.03
n2-sdl,3170,2.38,1.03
n2-sdl,3180,2.39,1.03
n2-sdl,3190,2.39,1.03
n2-sdl,3200,2.39,1.01
n2-sdl,3210,2.37,1.02
n2-sdl,3220,2.38,1.02
n2-sdl,3230,2.37,1.01
n2-sdl,3240,2.37,1.02
n2-sdl,3250,2.36,1.03
n2-sdl,3260,2.37,1.03
n2-sdl,3270,2.39,1.01
n2-sdl,3280,2.41,1.03
n2-sdl,3290,2.41,1.03
n2-sdl,3300,2.40,1.04
n2-sdl,3310,2.41,1.02
n2-sdl,3320,2.38,1.03
n2-sdl,3330,2.39,1.02
n2-sdl,3340,2.38,1.01
n2-sdl,3350,2.40,1.02
n2-sdl,3360,2.40,1.02
n2-sdl,3370,2.39,1.02
n2-sdl,3380,2.38,1.02
n2-sdl,3390,2.37,1.01
n2-sdl,3400,2.38,1.01
n2-sdl,3410,2.35,1.01
n2-sdl,3420,2.34,1.01
n2-sdl,3430,2.36,1.01
n2-sdl,3440,2.37,1.02
n2-sdl,3450,2.36,1.02
n2-sdl,3460,2.37,1.00
n2-sdl,3470,2.36,1.01
n2-sdl,3480,2.34,1.00
n2-sdl,3490,2.33,1.00
n2-sdl,3500,2.40,1.02
n2-sdl,3510,2.35,1.01
n2-sdl,3520,2.33,1.02
n2-sdl,3530,2.34,1.00
n2-sdl,3540,2.34,1.00
n2-sdl,3550,2.33,1.00
n2-sdl,3560,2.34,1.00
n2-sdl,3570,2.33,0.99
n2-sdl,3580,2.33,1.00
n2-sdl,3590,2.32,0.99
n2-sdl,3600,2.34,1.00
n2-sdl,3610,2.32,1.00
n2-sdl,3620,2.32,0.99
n2-sdl,3630,2.33,1.00
n2-sdl,3640,2.33,1.00
n2-sdl,3650,2.34,0.98
n2-sdl,3660,2.35,0.98
n2-sdl,3670,2.32,0.99
n2-sdl,3680,2.31,1.01
n2-sdl,3690,2.34,1.00
n2-sdl,3700,2.34,1.00
n2-sdl,3710,2.35,1.01
n2-sdl,3720,2.34,1.00
n2-sdl,3730,2.31,0.99
n2-sdl,3740,2.30,0.99
n2-sdl,3750,2.30,0.98
n2-sdl,3760,2.29,0.98
n2-sdl,3770,2.30,0.99
n2-sdl,3780,2.31,0.99
n2-sdl,3790,2.28,0.98
n2-sdl,3800,2.29,0.98
n2-sdl,3810,2.28,0.99
n2-sdl,3820,2.27,0.98
n2-sdl,3830,2.26,0.98
n2-sdl,3840,2.27,0.97
n2-sdl,3850,2.26,0.98
n2-sdl,3860,2.26,0.98
n2-sdl,3870,2.27,0.97
n2-sdl,3880,2.27,0.98
n2-sdl,3890,2.28,0.98
n2-sdl,3900,2.28,0.97
n2-sdl,3910,2.28,0.97
n2-sdl,3920,2.26,0.98
n2-sdl,3930,2.27,0.96
n2-sdl,3940,2.27,0.98
n2-sdl,3950,2.28,0.96
n2-sdl,3960,2.26,0.97
n2-sdl,3970,2.26,0.98
n2-sdl,3980,2.27,0.98
n2-sdl,3990,2.26,0.98
n2-sdl,4000,2.25,0.96
n2-sdl,4010,2.23,0.96
n2-sdl,4020,2.31,0.98
n2-sdl,4030,2.26,0.98
n2-sdl,4040,2.28,0.97
n2-sdl,4050,2.26,0.97
n2-sdl,4060,2.25,0.98
n2-sdl,4070,2.26,0.98
n2-sdl,4080,2.27,0.98
n2-sdl,4090,2.26,0.97
n2-sdl,4100,2.28,0.98
n2-sdl,4110,2.29,0.96
n2-sdl,4120,2.27,0.98
n2-sdl,4130,2.29,0.98
n2-sdl,4140,2.27,0.98
n2-sdl,4150,2.27,0.96
n2-sdl,4160,2.26,0.97
n2-sdl,4170,2.27,0.98
n2-sdl,4180,2.26,0.98
n2-sdl,4190,2.29,0.97
n2-sdl,4200,2.28,0.97
n2-sdl,4210,2.28,0.97
n2-sdl,4220,2.29,0.97
n2-sdl,4230,2.29,0.99
n2-sdl,4240,2.29,0.97
n2-sdl,4250,2.29,0.98
n2-sdl,4260,2.28,0.98
n2-sdl,4270,2.28,0.99
n2-sdl,4280,2.30,0.98
n2-sdl,4290,2.31,1.00
n2-sdl,4300,2.32,0.99
n2-sdl,4310,2.32,1.00
